;n_of_events;mean_freq;CV_freq
0;32366;54.04566384;4.367764386
1;32405;54.18303207;5.677949077
2;30654;51.20432635;4.801974123
3;30356;50.69424156;4.444696482
